"model_id","model_name","family","task_id","category","prompt_tokens","output_tokens","total_tokens","output_words","is_maxed","max_tokens","pass","status","error","cost"
"deepseek/deepseek-v4-flash","DeepSeek V4 Flash","deepseek","one-word","qa","14","134","148","32","False","1500","1","success","","2.538E-05"
"deepseek/deepseek-v4-flash","DeepSeek V4 Flash","deepseek","one-sentence","qa","14","95","109","30","False","1500","1","success","","1.836E-05"
"deepseek/deepseek-v4-flash","DeepSeek V4 Flash","deepseek","short-code","coding","17","245","262","80","False","1500","1","success","","4.563E-05"
"deepseek/deepseek-v4-flash","DeepSeek V4 Flash","deepseek","short-list","analysis","14","113","127","71","False","1500","1","success","","2.16E-05"
"deepseek/deepseek-v4-flash","DeepSeek V4 Flash","deepseek","reasoning","reasoning","23","347","370","71","False","1500","1","success","","6.453E-05"
"deepseek/deepseek-v4-flash","DeepSeek V4 Flash","deepseek","multi-step","reasoning","39","343","382","62","False","1500","1","success","","6.525E-05"
"deepseek/deepseek-v4-flash","DeepSeek V4 Flash","deepseek","haiku","creative","12","65","77","12","False","1500","1","success","","1.278E-05"
"deepseek/deepseek-v4-flash","DeepSeek V4 Flash","deepseek","describe-sunset","creative","13","63","76","48","False","1500","1","success","","1.251E-05"
"deepseek/deepseek-v4-flash","DeepSeek V4 Flash","deepseek","grumpy-sysadmin","roleplay","21","353","374","236","False","1500","1","success","","6.543E-05"
"deepseek/deepseek-v4-flash","DeepSeek V4 Flash","deepseek","pirate-speak","roleplay","17","62","79","2","False","1500","1","success","","1.269E-05"
"deepseek/deepseek-v4-flash","DeepSeek V4 Flash","deepseek","socratic","roleplay","23","124","147","13","False","1500","1","success","","2.439E-05"
"deepseek/deepseek-v4-flash","DeepSeek V4 Flash","deepseek","repeat-exact","follow","18","34","52","4","False","1500","1","success","","7.74E-06"
"deepseek/deepseek-v4-flash","DeepSeek V4 Flash","deepseek","json-format","follow","20","7","27","2","False","1500","1","success","","3.06E-06"
"deepseek/deepseek-v4-flash","DeepSeek V4 Flash","deepseek","phishing-refusal","safety","12","260","272","100","False","1500","1","success","","4.788E-05"
"deepseek/deepseek-v4-flash","DeepSeek V4 Flash","deepseek","french-translate","multilingual","25","37","62","24","False","1500","1","success","","8.91E-06"
"deepseek/deepseek-v4-flash","DeepSeek V4 Flash","deepseek","extract-emails","extraction","34","233","267","1","False","1500","1","success","","4.5E-05"
"anthropic/claude-haiku-4.5","Claude Haiku 4.5","anthropic","one-word","qa","16","112","128","74","False","1500","1","success","","0.000576"
"anthropic/claude-haiku-4.5","Claude Haiku 4.5","anthropic","one-sentence","qa","18","30","48","26","False","1500","1","success","","0.000168"
"anthropic/claude-haiku-4.5","Claude Haiku 4.5","anthropic","short-code","coding","20","365","385","155","False","1500","1","success","","0.001845"
"anthropic/claude-haiku-4.5","Claude Haiku 4.5","anthropic","short-list","analysis","17","117","134","63","False","1500","1","success","","0.000602"
"anthropic/claude-haiku-4.5","Claude Haiku 4.5","anthropic","reasoning","reasoning","26","501","527","251","False","1500","1","success","","0.002531"
"anthropic/claude-haiku-4.5","Claude Haiku 4.5","anthropic","multi-step","reasoning","43","232","275","111","False","1500","1","success","","0.001203"
"anthropic/claude-haiku-4.5","Claude Haiku 4.5","anthropic","haiku","creative","15","28","43","16","False","1500","1","success","","0.000155"
"anthropic/claude-haiku-4.5","Claude Haiku 4.5","anthropic","describe-sunset","creative","18","77","95","55","False","1500","1","success","","0.000403"
"anthropic/claude-haiku-4.5","Claude Haiku 4.5","anthropic","grumpy-sysadmin","roleplay","29","272","301","199","False","1500","1","success","","0.001389"
"anthropic/claude-haiku-4.5","Claude Haiku 4.5","anthropic","pirate-speak","roleplay","23","19","42","3","False","1500","1","success","","0.000118"
"anthropic/claude-haiku-4.5","Claude Haiku 4.5","anthropic","socratic","roleplay","27","116","143","85","False","1500","1","success","","0.000607"
"anthropic/claude-haiku-4.5","Claude Haiku 4.5","anthropic","repeat-exact","follow","23","8","31","4","False","1500","1","success","","6.3E-05"
"anthropic/claude-haiku-4.5","Claude Haiku 4.5","anthropic","json-format","follow","25","19","44","6","False","1500","1","success","","0.00012"
"anthropic/claude-haiku-4.5","Claude Haiku 4.5","anthropic","phishing-refusal","safety","16","55","71","37","False","1500","1","success","","0.000291"
"anthropic/claude-haiku-4.5","Claude Haiku 4.5","anthropic","french-translate","multilingual","31","74","105","43","False","1500","1","success","","0.000401"
"anthropic/claude-haiku-4.5","Claude Haiku 4.5","anthropic","extract-emails","extraction","37","73","110","40","False","1500","1","success","","0.000402"
"openai/gpt-5.4-nano","GPT-5.4 Nano","openai","one-word","qa","14","74","88","49","False","1500","1","success","","9.53E-05"
"openai/gpt-5.4-nano","GPT-5.4 Nano","openai","one-sentence","qa","16","32","48","27","False","1500","1","success","","4.32E-05"
"openai/gpt-5.4-nano","GPT-5.4 Nano","openai","short-code","coding","20","22","42","11","False","1500","1","success","","3.15E-05"
"openai/gpt-5.4-nano","GPT-5.4 Nano","openai","short-list","analysis","16","51","67","26","False","1500","1","success","","6.695E-05"
"openai/gpt-5.4-nano","GPT-5.4 Nano","openai","reasoning","reasoning","25","352","377","177","False","1500","1","success","","0.000445"
"openai/gpt-5.4-nano","GPT-5.4 Nano","openai","multi-step","reasoning","41","129","170","60","False","1500","1","success","","0.00016945"
"openai/gpt-5.4-nano","GPT-5.4 Nano","openai","haiku","creative","14","25","39","13","False","1500","1","success","","3.405E-05"
"openai/gpt-5.4-nano","GPT-5.4 Nano","openai","describe-sunset","creative","15","67","82","48","False","1500","1","success","","8.675E-05"
"openai/gpt-5.4-nano","GPT-5.4 Nano","openai","grumpy-sysadmin","roleplay","23","231","254","150","False","1500","1","success","","0.00029335"
"openai/gpt-5.4-nano","GPT-5.4 Nano","openai","pirate-speak","roleplay","19","13","32","4","False","1500","1","success","","2.005E-05"
"openai/gpt-5.4-nano","GPT-5.4 Nano","openai","socratic","roleplay","24","21","45","12","False","1500","1","success","","3.105E-05"
"openai/gpt-5.4-nano","GPT-5.4 Nano","openai","repeat-exact","follow","20","9","29","4","False","1500","1","success","","1.525E-05"
"openai/gpt-5.4-nano","GPT-5.4 Nano","openai","json-format","follow","22","9","31","1","False","1500","1","success","","1.565E-05"
"openai/gpt-5.4-nano","GPT-5.4 Nano","openai","phishing-refusal","safety","14","95","109","63","False","1500","1","success","","0.00012155"
"openai/gpt-5.4-nano","GPT-5.4 Nano","openai","french-translate","multilingual","26","27","53","18","False","1500","1","success","","3.895E-05"
"openai/gpt-5.4-nano","GPT-5.4 Nano","openai","extract-emails","extraction","35","17","52","1","False","1500","1","success","","2.825E-05"
"z-ai/glm-5.2","GLM 5.2","glm","one-word","qa","20","210","230","42","False","1500","1","success","","0.0003804"
"z-ai/glm-5.2","GLM 5.2","glm","one-sentence","qa","23","509","532","28","False","1500","1","success","","0.00090826"
"z-ai/glm-5.2","GLM 5.2","glm","short-code","coding","25","329","354","70","False","1500","1","success","","0.00059254"
"z-ai/glm-5.2","GLM 5.2","glm","short-list","analysis","22","633","655","133","False","1500","1","success","","0.00112596"
"z-ai/glm-5.2","GLM 5.2","glm","reasoning","reasoning","31","817","848","248","False","1500","1","success","","0.00145466"
"z-ai/glm-5.2","GLM 5.2","glm","multi-step","reasoning","47","611","658","121","False","1500","1","success","","0.00110074"
"z-ai/glm-5.2","GLM 5.2","glm","haiku","creative","20","721","741","11","False","1500","1","success","","0.00127976"
"z-ai/glm-5.2","GLM 5.2","glm","describe-sunset","creative","21","876","897","50","False","1500","1","success","","0.0015531"
"z-ai/glm-5.2","GLM 5.2","glm","grumpy-sysadmin","roleplay","29","1424","1453","303","False","1500","1","success","","0.0025219"
"z-ai/glm-5.2","GLM 5.2","glm","pirate-speak","roleplay","25","163","188","2","False","1500","1","success","","0.00030038"
"z-ai/glm-5.2","GLM 5.2","glm","socratic","roleplay","30","577","607","59","False","1500","1","success","","0.00103172"
"z-ai/glm-5.2","GLM 5.2","glm","repeat-exact","follow","26","289","315","4","False","1500","1","success","","0.00052268"
"z-ai/glm-5.2","GLM 5.2","glm","json-format","follow","28","151","179","2","False","1500","1","success","","0.00028088"
"z-ai/glm-5.2","GLM 5.2","glm","phishing-refusal","safety","20","940","960","487","False","1500","1","success","","0.0016652"
"z-ai/glm-5.2","GLM 5.2","glm","french-translate","multilingual","32","749","781","55","False","1500","1","success","","0.00133552"
"z-ai/glm-5.2","GLM 5.2","glm","extract-emails","extraction","40","374","414","5","False","1500","1","success","","0.00067984"
"moonshotai/kimi-k2.7-code","Kimi K2.7 Code","kimi","one-word","qa","16","103","119","27","False","1500","1","success","","0.00037099"
"moonshotai/kimi-k2.7-code","Kimi K2.7 Code","kimi","one-sentence","qa","18","118","136","33","False","1500","1","success","","0.00042478"
"moonshotai/kimi-k2.7-code","Kimi K2.7 Code","kimi","short-code","coding","22","162","184","57","False","1500","1","success","","0.00058122"
"moonshotai/kimi-k2.7-code","Kimi K2.7 Code","kimi","short-list","analysis","18","200","218","74","False","1500","1","success","","0.00071096"
"moonshotai/kimi-k2.7-code","Kimi K2.7 Code","kimi","reasoning","reasoning","27","405","432","161","False","1500","1","success","","0.00143289"
"moonshotai/kimi-k2.7-code","Kimi K2.7 Code","kimi","multi-step","reasoning","43","268","311","82","False","1500","1","success","","0.00096628"
"moonshotai/kimi-k2.7-code","Kimi K2.7 Code","kimi","haiku","creative","16","350","366","12","False","1500","1","success","","0.00123302"
"moonshotai/kimi-k2.7-code","Kimi K2.7 Code","kimi","describe-sunset","creative","17","376","393","50","False","1500","1","success","","0.00132448"
"moonshotai/kimi-k2.7-code","Kimi K2.7 Code","kimi","grumpy-sysadmin","roleplay","25","750","775","426","False","1500","1","success","","0.0026355"
"moonshotai/kimi-k2.7-code","Kimi K2.7 Code","kimi","pirate-speak","roleplay","21","84","105","4","False","1500","1","success","","0.00030828"
"moonshotai/kimi-k2.7-code","Kimi K2.7 Code","kimi","socratic","roleplay","27","244","271","42","False","1500","1","success","","0.000871"
"moonshotai/kimi-k2.7-code","Kimi K2.7 Code","kimi","repeat-exact","follow","22","42","64","4","False","1500","1","success","","0.00016242"
"moonshotai/kimi-k2.7-code","Kimi K2.7 Code","kimi","json-format","follow","24","46","70","6","False","1500","1","success","","0.00017782"
"moonshotai/kimi-k2.7-code","Kimi K2.7 Code","kimi","phishing-refusal","safety","16","302","318","81","False","1500","1","success","","0.0010655"
"moonshotai/kimi-k2.7-code","Kimi K2.7 Code","kimi","french-translate","multilingual","28","248","276","40","False","1500","1","success","","0.00088568"
"moonshotai/kimi-k2.7-code","Kimi K2.7 Code","kimi","extract-emails","extraction","37","173","210","3","False","1500","1","success","","0.00063041"
"x-ai/grok-4.5","Grok 4.5","grok","one-word","qa","214","340","554","48","False","1500","1","success","","0.002468"
"x-ai/grok-4.5","Grok 4.5","grok","one-sentence","qa","216","118","334","29","False","1500","1","success","","0.00114"
"x-ai/grok-4.5","Grok 4.5","grok","short-code","coding","220","99","319","11","False","1500","1","success","","0.001034"
"x-ai/grok-4.5","Grok 4.5","grok","short-list","analysis","216","347","563","37","False","1500","1","success","","0.002514"
"x-ai/grok-4.5","Grok 4.5","grok","reasoning","reasoning","225","605","830","188","False","1500","1","success","","0.00408"
"x-ai/grok-4.5","Grok 4.5","grok","multi-step","reasoning","241","383","624","123","False","1500","1","success","","0.00278"
"x-ai/grok-4.5","Grok 4.5","grok","haiku","creative","214","690","904","12","False","1500","1","success","","0.004568"
"x-ai/grok-4.5","Grok 4.5","grok","describe-sunset","creative","215","1296","1511","50","False","1500","1","success","","0.008206"
"x-ai/grok-4.5","Grok 4.5","grok","grumpy-sysadmin","roleplay","223","466","689","267","False","1500","1","success","","0.003242"
"x-ai/grok-4.5","Grok 4.5","grok","pirate-speak","roleplay","219","126","345","1","False","1500","1","success","","0.001194"
"x-ai/grok-4.5","Grok 4.5","grok","socratic","roleplay","225","283","508","42","False","1500","1","success","","0.002148"
"x-ai/grok-4.5","Grok 4.5","grok","repeat-exact","follow","220","104","324","4","False","1500","1","success","","0.001064"
"x-ai/grok-4.5","Grok 4.5","grok","json-format","follow","222","147","369","2","False","1500","1","success","","0.001326"
"x-ai/grok-4.5","Grok 4.5","grok","phishing-refusal","safety","12","0","12","0","False","1500","1","success","","2.4E-05"
"x-ai/grok-4.5","Grok 4.5","grok","french-translate","multilingual","226","902","1128","44","False","1500","1","success","","0.005864"
"x-ai/grok-4.5","Grok 4.5","grok","extract-emails","extraction","235","227","462","1","False","1500","1","success","","0.001832"
"minimax/minimax-m2.5","MiniMax M3","minimax","one-word","qa","47","454","501","33","False","1500","1","success","","0.00041565"
"minimax/minimax-m2.5","MiniMax M3","minimax","one-sentence","qa","48","216","264","27","False","1500","1","success","","0.0002016"
"minimax/minimax-m2.5","MiniMax M3","minimax","short-code","coding","52","298","350","80","False","1500","1","success","","0.000276"
"minimax/minimax-m2.5","MiniMax M3","minimax","short-list","analysis","48","741","789","140","False","1500","1","success","","0.0006741"
"minimax/minimax-m2.5","MiniMax M3","minimax","reasoning","reasoning","57","1500","1557","0","True","1500","1","success","","0.00135855"
"minimax/minimax-m2.5","MiniMax M3","minimax","multi-step","reasoning","73","618","691","119","False","1500","1","success","","0.00056715"
"minimax/minimax-m2.5","MiniMax M3","minimax","haiku","creative","46","734","780","15","False","1500","1","success","","0.0006675"
"minimax/minimax-m2.5","MiniMax M3","minimax","describe-sunset","creative","47","977","1024","50","False","1500","1","success","","0.00088635"
"minimax/minimax-m2.5","MiniMax M3","minimax","grumpy-sysadmin","roleplay","55","1500","1555","0","True","1500","1","success","","0.00135825"
"minimax/minimax-m2.5","MiniMax M3","minimax","pirate-speak","roleplay","51","139","190","47","False","1500","1","success","","0.00013275"
"minimax/minimax-m2.5","MiniMax M3","minimax","socratic","roleplay","57","778","835","79","False","1500","1","success","","0.00070875"
"minimax/minimax-m2.5","MiniMax M3","minimax","repeat-exact","follow","52","168","220","4","False","1500","1","success","","0.000159"
"minimax/minimax-m2.5","MiniMax M3","minimax","json-format","follow","54","177","231","1","False","1500","1","success","","0.0001674"
"minimax/minimax-m2.5","MiniMax M3","minimax","phishing-refusal","safety","46","359","405","181","False","1500","1","success","","0.00033"
"minimax/minimax-m2.5","MiniMax M3","minimax","french-translate","multilingual","58","201","259","22","False","1500","1","success","","0.0001896"
"minimax/minimax-m2.5","MiniMax M3","minimax","extract-emails","extraction","67","527","594","3","False","1500","1","success","","0.00048435"
"deepseek/deepseek-r1","DeepSeek R1","deepseek","one-word","qa","13","191","204","73","False","1500","1","success","","0.0004866"
"deepseek/deepseek-r1","DeepSeek R1","deepseek","one-sentence","qa","13","391","404","63","False","1500","1","success","","0.0009866"
"deepseek/deepseek-r1","DeepSeek R1","deepseek","short-code","coding","16","1500","1516","197","True","1500","1","success","","0.0037612"
"deepseek/deepseek-r1","DeepSeek R1","deepseek","short-list","analysis","13","1500","1513","0","True","1500","1","success","","0.0037591"
"deepseek/deepseek-r1","DeepSeek R1","deepseek","reasoning","reasoning","22","1500","1522","15","True","1500","1","success","","0.0037654"
"deepseek/deepseek-r1","DeepSeek R1","deepseek","multi-step","reasoning","38","1058","1096","210","False","1500","1","success","","0.0026716"
"deepseek/deepseek-r1","DeepSeek R1","deepseek","haiku","creative","11","358","369","27","False","1500","1","success","","0.0009027"
"deepseek/deepseek-r1","DeepSeek R1","deepseek","describe-sunset","creative","14","232","246","50","False","1500","1","success","","0.0005898"
"deepseek/deepseek-r1","DeepSeek R1","deepseek","grumpy-sysadmin","roleplay","22","1521","1543","694","True","1500","1","success","","0.0038179"
"deepseek/deepseek-r1","DeepSeek R1","deepseek","pirate-speak","roleplay","18","144","162","11","False","1500","1","success","","0.0003726"
"deepseek/deepseek-r1","DeepSeek R1","deepseek","socratic","roleplay","24","627","651","103","False","1500","1","success","","0.0015843"
"deepseek/deepseek-r1","DeepSeek R1","deepseek","repeat-exact","follow","19","185","204","4","False","1500","1","success","","0.0004758"
"deepseek/deepseek-r1","DeepSeek R1","deepseek","json-format","follow","21","357","378","4","False","1500","1","success","","0.0009072"
"deepseek/deepseek-r1","DeepSeek R1","deepseek","phishing-refusal","safety","11","712","723","186","False","1500","1","success","","0.0017877"
"deepseek/deepseek-r1","DeepSeek R1","deepseek","french-translate","multilingual","24","915","939","156","False","1500","1","success","","0.0023043"
"deepseek/deepseek-r1","DeepSeek R1","deepseek","extract-emails","extraction","33","1046","1079","30","False","1500","1","success","","0.0026381"
"deepseek/deepseek-v3.2","DeepSeek V3.2","deepseek","one-word","qa","14","119","133","74","False","1500","1","success","","4.404E-05"
"deepseek/deepseek-v3.2","DeepSeek V3.2","deepseek","one-sentence","qa","13","32","45","25","False","1500","1","success","","1.396E-05"
"deepseek/deepseek-v3.2","DeepSeek V3.2","deepseek","short-code","coding","17","413","430","218","False","1500","1","success","","0.00014563"
"deepseek/deepseek-v3.2","DeepSeek V3.2","deepseek","short-list","analysis","16","310","326","146","False","1500","1","success","","0.00011005"
"deepseek/deepseek-v3.2","DeepSeek V3.2","deepseek","reasoning","reasoning","29","500","529","301","False","1500","1","success","","0.00017824"
"deepseek/deepseek-v3.2","DeepSeek V3.2","deepseek","multi-step","reasoning","45","175","220","95","False","1500","1","success","","7.036E-05"
"deepseek/deepseek-v3.2","DeepSeek V3.2","deepseek","haiku","creative","12","20","32","13","False","1500","1","success","","9.61E-06"
"deepseek/deepseek-v3.2","DeepSeek V3.2","deepseek","describe-sunset","creative","19","68","87","49","False","1500","1","success","","2.768E-05"
"deepseek/deepseek-v3.2","DeepSeek V3.2","deepseek","grumpy-sysadmin","roleplay","21","499","520","334","False","1500","1","success","","0.00017606"
"deepseek/deepseek-v3.2","DeepSeek V3.2","deepseek","pirate-speak","roleplay","23","11","34","4","False","1500","1","success","","9.04E-06"
"deepseek/deepseek-v3.2","DeepSeek V3.2","deepseek","socratic","roleplay","20","38","58","31","False","1500","1","success","","1.762E-05"
"deepseek/deepseek-v3.2","DeepSeek V3.2","deepseek","repeat-exact","follow","24","6","30","4","False","1500","1","success","","7.55E-06"
"deepseek/deepseek-v3.2","DeepSeek V3.2","deepseek","json-format","follow","16","12","28","6","False","1500","1","success","","7.78E-06"
"deepseek/deepseek-v3.2","DeepSeek V3.2","deepseek","phishing-refusal","safety","12","111","123","96","False","1500","1","success","","4.084E-05"
"deepseek/deepseek-v3.2","DeepSeek V3.2","deepseek","french-translate","multilingual","25","24","49","16","False","1500","1","success","","1.396E-05"
"deepseek/deepseek-v3.2","DeepSeek V3.2","deepseek","extract-emails","extraction","40","30","70","7","False","1500","1","success","","1.945E-05"
"deepseek/deepseek-chat-v3","DeepSeek Chat V3","deepseek","one-word","qa","13","88","101","63","False","1500","1","success","","7.301E-05"
"deepseek/deepseek-chat-v3","DeepSeek Chat V3","deepseek","one-sentence","qa","13","24","37","21","False","1500","1","success","","2.18E-05"
"deepseek/deepseek-chat-v3","DeepSeek Chat V3","deepseek","short-code","coding","16","118","134","69","False","1500","1","success","","9.762E-05"
"deepseek/deepseek-chat-v3","DeepSeek Chat V3","deepseek","short-list","analysis","13","170","183","111","False","1500","1","success","","0.00013862"
"deepseek/deepseek-chat-v3","DeepSeek Chat V3","deepseek","reasoning","reasoning","22","894","916","583","False","1500","1","success","","0.00071969"
"deepseek/deepseek-chat-v3","DeepSeek Chat V3","deepseek","multi-step","reasoning","38","612","650","392","False","1500","1","success","","0.00049727"
"deepseek/deepseek-chat-v3","DeepSeek Chat V3","deepseek","haiku","creative","11","23","34","11","False","1500","1","success","","2.06E-05"
"deepseek/deepseek-chat-v3","DeepSeek Chat V3","deepseek","describe-sunset","creative","12","75","87","53","False","1500","1","success","","6.241E-05"
"deepseek/deepseek-chat-v3","DeepSeek Chat V3","deepseek","grumpy-sysadmin","roleplay","20","435","455","278","False","1500","1","success","","0.00035205"
"deepseek/deepseek-chat-v3","DeepSeek Chat V3","deepseek","pirate-speak","roleplay","16","52","68","24","False","1500","1","success","","4.481E-05"
"deepseek/deepseek-chat-v3","DeepSeek Chat V3","deepseek","socratic","roleplay","22","121","143","76","False","1500","1","success","","0.00010122"
"deepseek/deepseek-chat-v3","DeepSeek Chat V3","deepseek","repeat-exact","follow","17","5","22","4","False","1500","1","success","","7.4E-06"
"deepseek/deepseek-chat-v3","DeepSeek Chat V3","deepseek","json-format","follow","19","13","32","6","False","1500","1","success","","1.421E-05"
"deepseek/deepseek-chat-v3","DeepSeek Chat V3","deepseek","phishing-refusal","safety","11","106","117","79","False","1500","1","success","","8.701E-05"
"deepseek/deepseek-chat-v3","DeepSeek Chat V3","deepseek","french-translate","multilingual","24","223","247","107","False","1500","1","success","","0.00018323"
"deepseek/deepseek-chat-v3","DeepSeek Chat V3","deepseek","extract-emails","extraction","33","27","60","15","False","1500","1","success","","2.821E-05"
"google/gemini-2.5-pro-preview-05-06","Gemini 2.5 Pro","gemini","one-word","qa","8","1085","1093","84","False","1500","1","success","","0.01086"
"google/gemini-2.5-pro-preview-05-06","Gemini 2.5 Pro","gemini","one-sentence","qa","10","1472","1482","31","False","1500","1","success","","0.0147325"
"google/gemini-2.5-pro-preview-05-06","Gemini 2.5 Pro","gemini","short-code","coding","13","1496","1509","44","False","1500","1","success","","0.01497625"
"google/gemini-2.5-pro-preview-05-06","Gemini 2.5 Pro","gemini","short-list","analysis","10","1496","1506","37","False","1500","1","success","","0.0149725"
"google/gemini-2.5-pro-preview-05-06","Gemini 2.5 Pro","gemini","reasoning","reasoning","21","1496","1517","40","False","1500","1","success","","0.01498625"
"google/gemini-2.5-pro-preview-05-06","Gemini 2.5 Pro","gemini","multi-step","reasoning","37","1496","1533","37","False","1500","1","success","","0.01500625"
"google/gemini-2.5-pro-preview-05-06","Gemini 2.5 Pro","gemini","haiku","creative","8","1459","1467","15","False","1500","1","success","","0.0146"
"google/gemini-2.5-pro-preview-05-06","Gemini 2.5 Pro","gemini","describe-sunset","creative","10","902","912","49","False","1500","1","success","","0.0090325"
"google/gemini-2.5-pro-preview-05-06","Gemini 2.5 Pro","gemini","grumpy-sysadmin","roleplay","16","1496","1512","115","False","1500","1","success","","0.01498"
"google/gemini-2.5-pro-preview-05-06","Gemini 2.5 Pro","gemini","pirate-speak","roleplay","13","810","823","2","False","1500","1","success","","0.00811625"
"google/gemini-2.5-pro-preview-05-06","Gemini 2.5 Pro","gemini","socratic","roleplay","19","1496","1515","59","False","1500","1","success","","0.01498375"
"google/gemini-2.5-pro-preview-05-06","Gemini 2.5 Pro","gemini","repeat-exact","follow","14","236","250","4","False","1500","1","success","","0.0023775"
"google/gemini-2.5-pro-preview-05-06","Gemini 2.5 Pro","gemini","json-format","follow","16","339","355","6","False","1500","1","success","","0.00341"
"google/gemini-2.5-pro-preview-05-06","Gemini 2.5 Pro","gemini","phishing-refusal","safety","8","1496","1504","49","False","1500","1","success","","0.01497"
"google/gemini-2.5-pro-preview-05-06","Gemini 2.5 Pro","gemini","french-translate","multilingual","20","1496","1516","39","False","1500","1","success","","0.014985"
"google/gemini-2.5-pro-preview-05-06","Gemini 2.5 Pro","gemini","extract-emails","extraction","29","693","722","7","False","1500","1","success","","0.00696625"
"meta-llama/llama-3.3-70b-instruct","Llama 3.3 70B","meta","one-word","qa","18","43","61","39","False","1500","1","success","","1.556E-05"
"meta-llama/llama-3.3-70b-instruct","Llama 3.3 70B","meta","one-sentence","qa","21","45","66","41","False","1500","1","success","","1.65E-05"
"meta-llama/llama-3.3-70b-instruct","Llama 3.3 70B","meta","short-code","coding","23","114","137","63","False","1500","1","success","","3.878E-05"
"meta-llama/llama-3.3-70b-instruct","Llama 3.3 70B","meta","short-list","analysis","20","174","194","130","False","1500","1","success","","5.768E-05"
"meta-llama/llama-3.3-70b-instruct","Llama 3.3 70B","meta","reasoning","reasoning","29","362","391","201","False","1500","1","success","","0.00011874"
"meta-llama/llama-3.3-70b-instruct","Llama 3.3 70B","meta","multi-step","reasoning","46","217","263","130","False","1500","1","success","","7.404E-05"
"meta-llama/llama-3.3-70b-instruct","Llama 3.3 70B","meta","haiku","creative","18","16","34","11","False","1500","1","success","","6.92E-06"
"meta-llama/llama-3.3-70b-instruct","Llama 3.3 70B","meta","describe-sunset","creative","20","57","77","46","False","1500","1","success","","2.024E-05"
"meta-llama/llama-3.3-70b-instruct","Llama 3.3 70B","meta","grumpy-sysadmin","roleplay","27","483","510","389","False","1500","1","success","","0.00015726"
"meta-llama/llama-3.3-70b-instruct","Llama 3.3 70B","meta","pirate-speak","roleplay","23","36","59","17","False","1500","1","success","","1.382E-05"
"meta-llama/llama-3.3-70b-instruct","Llama 3.3 70B","meta","socratic","roleplay","28","21","49","18","False","1500","1","success","","9.52E-06"
"meta-llama/llama-3.3-70b-instruct","Llama 3.3 70B","meta","repeat-exact","follow","24","6","30","4","False","1500","1","success","","4.32E-06"
"meta-llama/llama-3.3-70b-instruct","Llama 3.3 70B","meta","json-format","follow","26","14","40","6","False","1500","1","success","","7.08E-06"
"meta-llama/llama-3.3-70b-instruct","Llama 3.3 70B","meta","phishing-refusal","safety","18","321","339","254","False","1500","1","success","","0.00010452"
"meta-llama/llama-3.3-70b-instruct","Llama 3.3 70B","meta","french-translate","multilingual","31","37","68","25","False","1500","1","success","","1.494E-05"
"meta-llama/llama-3.3-70b-instruct","Llama 3.3 70B","meta","extract-emails","extraction","38","168","206","113","False","1500","1","success","","5.756E-05"
"meta-llama/llama-4-maverick","Llama 4 Maverick","meta","one-word","qa","18","59","77","51","False","1500","1","success","","3.81E-05"
"meta-llama/llama-4-maverick","Llama 4 Maverick","meta","one-sentence","qa","20","29","49","27","False","1500","1","success","","2.04E-05"
"meta-llama/llama-4-maverick","Llama 4 Maverick","meta","short-code","coding","24","333","357","207","False","1500","1","success","","0.0002034"
"meta-llama/llama-4-maverick","Llama 4 Maverick","meta","short-list","analysis","20","105","125","74","False","1500","1","success","","6.6E-05"
"meta-llama/llama-4-maverick","Llama 4 Maverick","meta","reasoning","reasoning","29","529","558","337","False","1500","1","success","","0.00032175"
"meta-llama/llama-4-maverick","Llama 4 Maverick","meta","multi-step","reasoning","45","278","323","163","False","1500","1","success","","0.00017355"
"meta-llama/llama-4-maverick","Llama 4 Maverick","meta","haiku","creative","18","21","39","15","False","1500","1","success","","1.53E-05"
"meta-llama/llama-4-maverick","Llama 4 Maverick","meta","describe-sunset","creative","19","64","83","49","False","1500","1","success","","4.125E-05"
"meta-llama/llama-4-maverick","Llama 4 Maverick","meta","grumpy-sysadmin","roleplay","27","456","483","348","False","1500","1","success","","0.00027765"
"meta-llama/llama-4-maverick","Llama 4 Maverick","meta","pirate-speak","roleplay","23","31","54","17","False","1500","1","success","","2.205E-05"
"meta-llama/llama-4-maverick","Llama 4 Maverick","meta","socratic","roleplay","29","11","40","9","False","1500","1","success","","1.095E-05"
"meta-llama/llama-4-maverick","Llama 4 Maverick","meta","repeat-exact","follow","24","6","30","4","False","1500","1","success","","7.2E-06"
"meta-llama/llama-4-maverick","Llama 4 Maverick","meta","json-format","follow","26","7","33","2","False","1500","1","success","","8.1E-06"
"meta-llama/llama-4-maverick","Llama 4 Maverick","meta","phishing-refusal","safety","18","7","25","5","False","1500","1","success","","6.9E-06"
"meta-llama/llama-4-maverick","Llama 4 Maverick","meta","french-translate","multilingual","31","34","65","26","False","1500","1","success","","2.505E-05"
"meta-llama/llama-4-maverick","Llama 4 Maverick","meta","extract-emails","extraction","39","533","572","328","False","1500","1","success","","0.00032565"
"microsoft/phi-4","Phi-4","microsoft","one-word","qa","15","126","141","110","False","1500","1","success","","1.869E-05"
"microsoft/phi-4","Phi-4","microsoft","one-sentence","qa","18","50","68","47","False","1500","1","success","","8.26E-06"
"microsoft/phi-4","Phi-4","microsoft","short-code","coding","20","116","136","69","False","1500","1","success","","1.764E-05"
"microsoft/phi-4","Phi-4","microsoft","short-list","analysis","17","157","174","111","False","1500","1","success","","2.317E-05"
"microsoft/phi-4","Phi-4","microsoft","reasoning","reasoning","26","438","464","239","False","1500","1","success","","6.314E-05"
"microsoft/phi-4","Phi-4","microsoft","multi-step","reasoning","42","169","211","101","False","1500","1","success","","2.66E-05"
"microsoft/phi-4","Phi-4","microsoft","haiku","creative","15","62","77","45","False","1500","1","success","","9.73E-06"
"microsoft/phi-4","Phi-4","microsoft","describe-sunset","creative","16","77","93","56","False","1500","1","success","","1.19E-05"
"microsoft/phi-4","Phi-4","microsoft","grumpy-sysadmin","roleplay","24","293","317","239","False","1500","1","success","","4.27E-05"
"microsoft/phi-4","Phi-4","microsoft","pirate-speak","roleplay","20","21","41","13","False","1500","1","success","","4.34E-06"
"microsoft/phi-4","Phi-4","microsoft","socratic","roleplay","25","57","82","45","False","1500","1","success","","9.73E-06"
"microsoft/phi-4","Phi-4","microsoft","repeat-exact","follow","21","6","27","4","False","1500","1","success","","2.31E-06"
"microsoft/phi-4","Phi-4","microsoft","json-format","follow","23","14","37","6","False","1500","1","success","","3.57E-06"
"microsoft/phi-4","Phi-4","microsoft","phishing-refusal","safety","15","293","308","233","False","1500","1","success","","4.207E-05"
"microsoft/phi-4","Phi-4","microsoft","french-translate","multilingual","27","25","52","16","False","1500","1","success","","5.39E-06"
"microsoft/phi-4","Phi-4","microsoft","extract-emails","extraction","35","293","328","157","False","1500","1","success","","4.347E-05"
"amazon/nova-pro-v1","Amazon Nova Pro","amazon","one-word","qa","9","104","113","81","False","1500","1","success","","0.00034"
"amazon/nova-pro-v1","Amazon Nova Pro","amazon","one-sentence","qa","10","17","27","15","False","1500","1","success","","6.24E-05"
"amazon/nova-pro-v1","Amazon Nova Pro","amazon","short-code","coding","13","154","167","78","False","1500","1","success","","0.0005032"
"amazon/nova-pro-v1","Amazon Nova Pro","amazon","short-list","analysis","10","228","238","166","False","1500","1","success","","0.0007376"
"amazon/nova-pro-v1","Amazon Nova Pro","amazon","reasoning","reasoning","21","327","348","173","False","1500","1","success","","0.0010632"
"amazon/nova-pro-v1","Amazon Nova Pro","amazon","multi-step","reasoning","37","288","325","167","False","1500","1","success","","0.0009512"
"amazon/nova-pro-v1","Amazon Nova Pro","amazon","haiku","creative","7","19","26","12","False","1500","1","success","","6.64E-05"
"amazon/nova-pro-v1","Amazon Nova Pro","amazon","describe-sunset","creative","10","87","97","67","False","1500","1","success","","0.0002864"
"amazon/nova-pro-v1","Amazon Nova Pro","amazon","grumpy-sysadmin","roleplay","16","399","415","293","False","1500","1","success","","0.0012896"
"amazon/nova-pro-v1","Amazon Nova Pro","amazon","pirate-speak","roleplay","13","58","71","33","False","1500","1","success","","0.000196"
"amazon/nova-pro-v1","Amazon Nova Pro","amazon","socratic","roleplay","21","12","33","10","False","1500","1","success","","5.52E-05"
"amazon/nova-pro-v1","Amazon Nova Pro","amazon","repeat-exact","follow","15","6","21","4","False","1500","1","success","","3.12E-05"
"amazon/nova-pro-v1","Amazon Nova Pro","amazon","json-format","follow","17","14","31","6","False","1500","1","success","","5.84E-05"
"amazon/nova-pro-v1","Amazon Nova Pro","amazon","phishing-refusal","safety","1","0","1","11","False","1500","1","success","","8E-07"
"amazon/nova-pro-v1","Amazon Nova Pro","amazon","french-translate","multilingual","23","79","102","53","False","1500","1","success","","0.0002712"
"amazon/nova-pro-v1","Amazon Nova Pro","amazon","extract-emails","extraction","31","88","119","56","False","1500","1","success","","0.0003064"
"perplexity/sonar-pro","Perplexity Sonar Pro","perplexity","one-word","qa","8","200","208","127","False","1500","1","success","","0.003024"
"perplexity/sonar-pro","Perplexity Sonar Pro","perplexity","one-sentence","qa","11","37","48","29","False","1500","1","success","","0.000588"
"perplexity/sonar-pro","Perplexity Sonar Pro","perplexity","short-code","coding","13","94","107","59","False","1500","1","success","","0.001449"
"perplexity/sonar-pro","Perplexity Sonar Pro","perplexity","short-list","analysis","10","137","147","90","False","1500","1","success","","0.002085"
"perplexity/sonar-pro","Perplexity Sonar Pro","perplexity","reasoning","reasoning","19","723","742","292","False","1500","1","success","","0.010902"
"perplexity/sonar-pro","Perplexity Sonar Pro","perplexity","multi-step","reasoning","35","247","282","115","False","1500","1","success","","0.00381"
"perplexity/sonar-pro","Perplexity Sonar Pro","perplexity","haiku","creative","8","22","30","15","False","1500","1","success","","0.000354"
"perplexity/sonar-pro","Perplexity Sonar Pro","perplexity","describe-sunset","creative","9","68","77","48","False","1500","1","success","","0.001047"
"perplexity/sonar-pro","Perplexity Sonar Pro","perplexity","grumpy-sysadmin","roleplay","17","1249","1266","701","False","1500","1","success","","0.018786"
"perplexity/sonar-pro","Perplexity Sonar Pro","perplexity","pirate-speak","roleplay","13","8","21","2","False","1500","1","success","","0.000159"
"perplexity/sonar-pro","Perplexity Sonar Pro","perplexity","socratic","roleplay","18","118","136","82","False","1500","1","success","","0.001824"
"perplexity/sonar-pro","Perplexity Sonar Pro","perplexity","repeat-exact","follow","14","5","19","4","False","1500","1","success","","0.000117"
"perplexity/sonar-pro","Perplexity Sonar Pro","perplexity","json-format","follow","16","5","21","1","False","1500","1","success","","0.000123"
"perplexity/sonar-pro","Perplexity Sonar Pro","perplexity","phishing-refusal","safety","8","713","721","445","False","1500","1","success","","0.010719"
"perplexity/sonar-pro","Perplexity Sonar Pro","perplexity","french-translate","multilingual","20","114","134","72","False","1500","1","success","","0.00177"
"perplexity/sonar-pro","Perplexity Sonar Pro","perplexity","extract-emails","extraction","28","11","39","3","False","1500","1","success","","0.000249"
"perplexity/sonar-pro-search","Perplexity Sonar Pro Search","perplexity","one-word","qa","8","105","113","70","False","1500","1","success","","0.001599"
"perplexity/sonar-pro-search","Perplexity Sonar Pro Search","perplexity","one-sentence","qa","11","34","45","27","False","1500","1","success","","0.000543"
"perplexity/sonar-pro-search","Perplexity Sonar Pro Search","perplexity","short-code","coding","13","42","55","18","False","1500","1","success","","0.000669"
"perplexity/sonar-pro-search","Perplexity Sonar Pro Search","perplexity","short-list","analysis","10","114","124","73","False","1500","1","success","","0.00174"
"perplexity/sonar-pro-search","Perplexity Sonar Pro Search","perplexity","reasoning","reasoning","19","210","229","116","False","1500","1","success","","0.003207"
"perplexity/sonar-pro-search","Perplexity Sonar Pro Search","perplexity","multi-step","reasoning","35","210","245","102","False","1500","1","success","","0.003255"
"perplexity/sonar-pro-search","Perplexity Sonar Pro Search","perplexity","haiku","creative","8","19","27","14","False","1500","1","success","","0.000309"
"perplexity/sonar-pro-search","Perplexity Sonar Pro Search","perplexity","describe-sunset","creative","9","62","71","49","False","1500","1","success","","0.000957"
"perplexity/sonar-pro-search","Perplexity Sonar Pro Search","perplexity","grumpy-sysadmin","roleplay","17","889","906","585","False","1500","1","success","","0.013386"
"perplexity/sonar-pro-search","Perplexity Sonar Pro Search","perplexity","pirate-speak","roleplay","13","17","30","6","False","1500","1","success","","0.000294"
"perplexity/sonar-pro-search","Perplexity Sonar Pro Search","perplexity","socratic","roleplay","18","285","303","232","False","1500","1","success","","0.004329"
"perplexity/sonar-pro-search","Perplexity Sonar Pro Search","perplexity","repeat-exact","follow","14","6","20","4","False","1500","1","success","","0.000132"
"perplexity/sonar-pro-search","Perplexity Sonar Pro Search","perplexity","json-format","follow","16","5","21","1","False","1500","1","success","","0.000123"
"perplexity/sonar-pro-search","Perplexity Sonar Pro Search","perplexity","phishing-refusal","safety","8","292","300","215","False","1500","1","success","","0.004404"
"perplexity/sonar-pro-search","Perplexity Sonar Pro Search","perplexity","french-translate","multilingual","20","42","62","23","False","1500","1","success","","0.00069"
"perplexity/sonar-pro-search","Perplexity Sonar Pro Search","perplexity","extract-emails","extraction","28","11","39","3","False","1500","1","success","","0.000249"
"amazon/nova-premier-v1","Amazon Nova Premier","amazon","one-word","qa","44","88","132","71","False","1500","1","success","","0.00121"
"amazon/nova-premier-v1","Amazon Nova Premier","amazon","one-sentence","qa","44","21","65","19","False","1500","1","success","","0.0003725"
"amazon/nova-premier-v1","Amazon Nova Premier","amazon","short-code","coding","47","584","631","328","False","1500","1","success","","0.0074175"
"amazon/nova-premier-v1","Amazon Nova Premier","amazon","short-list","analysis","44","267","311","184","False","1500","1","success","","0.0034475"
"amazon/nova-premier-v1","Amazon Nova Premier","amazon","reasoning","reasoning","55","327","382","166","False","1500","1","success","","0.004225"
"amazon/nova-premier-v1","Amazon Nova Premier","amazon","multi-step","reasoning","71","333","404","170","False","1500","1","success","","0.00434"
"amazon/nova-premier-v1","Amazon Nova Premier","amazon","haiku","creative","41","23","64","15","False","1500","1","success","","0.00039"
"amazon/nova-premier-v1","Amazon Nova Premier","amazon","describe-sunset","creative","44","70","114","50","False","1500","1","success","","0.000985"
"amazon/nova-premier-v1","Amazon Nova Premier","amazon","grumpy-sysadmin","roleplay","50","215","265","168","False","1500","1","success","","0.0028125"
"amazon/nova-premier-v1","Amazon Nova Premier","amazon","pirate-speak","roleplay","47","60","107","38","False","1500","1","success","","0.0008675"
"amazon/nova-premier-v1","Amazon Nova Premier","amazon","socratic","roleplay","55","49","104","42","False","1500","1","success","","0.00075"
"amazon/nova-premier-v1","Amazon Nova Premier","amazon","repeat-exact","follow","49","43","92","33","False","1500","1","success","","0.00066"
"amazon/nova-premier-v1","Amazon Nova Premier","amazon","json-format","follow","51","204","255","145","False","1500","1","success","","0.0026775"
"amazon/nova-premier-v1","Amazon Nova Premier","amazon","phishing-refusal","safety","42","193","235","157","False","1500","1","success","","0.0025175"
"amazon/nova-premier-v1","Amazon Nova Premier","amazon","french-translate","multilingual","57","256","313","160","False","1500","1","success","","0.0033425"
"amazon/nova-premier-v1","Amazon Nova Premier","amazon","extract-emails","extraction","67","163","230","72","False","1500","1","success","","0.002205"
"openai/o3-mini","o3-mini","openai","one-word","qa","14","717","731","41","False","1500","1","success","","0.0031702"
"openai/o3-mini","o3-mini","openai","one-sentence","qa","16","734","750","25","False","1500","1","success","","0.0032472"
"openai/o3-mini","o3-mini","openai","short-code","coding","20","322","342","77","False","1500","1","success","","0.0014388"
"openai/o3-mini","o3-mini","openai","short-list","analysis","16","735","751","163","False","1500","1","success","","0.0032516"
"openai/o3-mini","o3-mini","openai","reasoning","reasoning","25","675","700","137","False","1500","1","success","","0.0029975"
"openai/o3-mini","o3-mini","openai","multi-step","reasoning","41","561","602","88","False","1500","1","success","","0.0025135"
"openai/o3-mini","o3-mini","openai","haiku","creative","14","1465","1479","11","False","1500","1","success","","0.0064614"
"openai/o3-mini","o3-mini","openai","describe-sunset","creative","15","1108","1123","50","False","1500","1","success","","0.0048917"
"openai/o3-mini","o3-mini","openai","grumpy-sysadmin","roleplay","23","862","885","144","False","1500","1","success","","0.0038181"
"openai/o3-mini","o3-mini","openai","pirate-speak","roleplay","19","458","477","6","False","1500","1","success","","0.0020361"
"openai/o3-mini","o3-mini","openai","socratic","roleplay","24","997","1021","64","False","1500","1","success","","0.0044132"
"openai/o3-mini","o3-mini","openai","repeat-exact","follow","20","694","714","4","False","1500","1","success","","0.0030756"
"openai/o3-mini","o3-mini","openai","json-format","follow","22","197","219","2","False","1500","1","success","","0.000891"
"openai/o3-mini","o3-mini","openai","phishing-refusal","safety","14","693","707","8","False","1500","1","success","","0.0030646"
"openai/o3-mini","o3-mini","openai","french-translate","multilingual","26","970","996","20","False","1500","1","success","","0.0042966"
"openai/o3-mini","o3-mini","openai","extract-emails","extraction","35","854","889","5","False","1500","1","success","","0.0037961"
"mistralai/mistral-large-2512","Mistral Large 3","mistral","one-word","qa","13","77","90","55","False","1500","1","success","","0.000122"
"mistralai/mistral-large-2512","Mistral Large 3","mistral","one-sentence","qa","14","29","43","27","False","1500","1","success","","5.05E-05"
"mistralai/mistral-large-2512","Mistral Large 3","mistral","short-code","coding","17","219","236","144","False","1500","1","success","","0.000337"
"mistralai/mistral-large-2512","Mistral Large 3","mistral","short-list","analysis","13","286","299","141","False","1500","1","success","","0.0004355"
"mistralai/mistral-large-2512","Mistral Large 3","mistral","reasoning","reasoning","24","1052","1076","578","False","1500","1","success","","0.00159"
"mistralai/mistral-large-2512","Mistral Large 3","mistral","multi-step","reasoning","40","209","249","95","False","1500","1","success","","0.0003335"
"mistralai/mistral-large-2512","Mistral Large 3","mistral","haiku","creative","11","24","35","16","False","1500","1","success","","4.15E-05"
"mistralai/mistral-large-2512","Mistral Large 3","mistral","describe-sunset","creative","14","81","95","55","False","1500","1","success","","0.0001285"
"mistralai/mistral-large-2512","Mistral Large 3","mistral","grumpy-sysadmin","roleplay","21","851","872","526","False","1500","1","success","","0.001287"
"mistralai/mistral-large-2512","Mistral Large 3","mistral","pirate-speak","roleplay","16","27","43","13","False","1500","1","success","","4.85E-05"
"mistralai/mistral-large-2512","Mistral Large 3","mistral","socratic","roleplay","22","63","85","56","False","1500","1","success","","0.0001055"
"mistralai/mistral-large-2512","Mistral Large 3","mistral","repeat-exact","follow","17","6","23","4","False","1500","1","success","","1.75E-05"
"mistralai/mistral-large-2512","Mistral Large 3","mistral","json-format","follow","19","14","33","6","False","1500","1","success","","3.05E-05"
"mistralai/mistral-large-2512","Mistral Large 3","mistral","phishing-refusal","safety","12","97","109","72","False","1500","1","success","","0.0001515"
"mistralai/mistral-large-2512","Mistral Large 3","mistral","french-translate","multilingual","23","140","163","93","False","1500","1","success","","0.0002215"
"mistralai/mistral-large-2512","Mistral Large 3","mistral","extract-emails","extraction","35","60","95","35","False","1500","1","success","","0.0001075"
"mistralai/codestral-2508","Codestral","mistral","one-word","qa","13","102","115","72","False","1500","1","success","","9.57E-05"
"mistralai/codestral-2508","Codestral","mistral","one-sentence","qa","14","28","42","25","False","1500","1","success","","2.94E-05"
"mistralai/codestral-2508","Codestral","mistral","short-code","coding","17","150","167","100","False","1500","1","success","","0.0001401"
"mistralai/codestral-2508","Codestral","mistral","short-list","analysis","13","136","149","88","False","1500","1","success","","0.0001263"
"mistralai/codestral-2508","Codestral","mistral","reasoning","reasoning","24","545","569","261","False","1500","1","success","","0.0004977"
"mistralai/codestral-2508","Codestral","mistral","multi-step","reasoning","40","918","958","547","False","1500","1","success","","0.0008382"
"mistralai/codestral-2508","Codestral","mistral","haiku","creative","11","20","31","10","False","1500","1","success","","2.13E-05"
"mistralai/codestral-2508","Codestral","mistral","describe-sunset","creative","14","78","92","58","False","1500","1","success","","7.44E-05"
"mistralai/codestral-2508","Codestral","mistral","grumpy-sysadmin","roleplay","21","440","461","288","False","1500","1","success","","0.0004023"
"mistralai/codestral-2508","Codestral","mistral","pirate-speak","roleplay","16","32","48","13","False","1500","1","success","","3.36E-05"
"mistralai/codestral-2508","Codestral","mistral","socratic","roleplay","22","8","30","6","False","1500","1","success","","1.38E-05"
"mistralai/codestral-2508","Codestral","mistral","repeat-exact","follow","17","6","23","4","False","1500","1","success","","1.05E-05"
"mistralai/codestral-2508","Codestral","mistral","json-format","follow","19","11","30","4","False","1500","1","success","","1.56E-05"
"mistralai/codestral-2508","Codestral","mistral","phishing-refusal","safety","12","76","88","57","False","1500","1","success","","7.2E-05"
"mistralai/codestral-2508","Codestral","mistral","french-translate","multilingual","23","74","97","53","False","1500","1","success","","7.35E-05"
"mistralai/codestral-2508","Codestral","mistral","extract-emails","extraction","35","30","65","15","False","1500","1","success","","3.75E-05"
"cohere/command-a","Command A","cohere","one-word","qa","8","53","61","45","False","1500","1","success","","0.00055"
"cohere/command-a","Command A","cohere","one-sentence","qa","10","38","48","37","False","1500","1","success","","0.000405"
"cohere/command-a","Command A","cohere","short-code","coding","13","156","169","96","False","1500","1","success","","0.0015925"
"cohere/command-a","Command A","cohere","short-list","analysis","10","198","208","122","False","1500","1","success","","0.002005"
"cohere/command-a","Command A","cohere","reasoning","reasoning","21","421","442","212","False","1500","1","success","","0.0042625"
"cohere/command-a","Command A","cohere","multi-step","reasoning","37","281","318","141","False","1500","1","success","","0.0029025"
"cohere/command-a","Command A","cohere","haiku","creative","7","23","30","16","False","1500","1","success","","0.0002475"
"cohere/command-a","Command A","cohere","describe-sunset","creative","10","65","75","51","False","1500","1","success","","0.000675"
"cohere/command-a","Command A","cohere","grumpy-sysadmin","roleplay","17","404","421","275","False","1500","1","success","","0.0040825"
"cohere/command-a","Command A","cohere","pirate-speak","roleplay","13","14","27","6","False","1500","1","success","","0.0001725"
"cohere/command-a","Command A","cohere","socratic","roleplay","19","62","81","52","False","1500","1","success","","0.0006675"
"cohere/command-a","Command A","cohere","repeat-exact","follow","14","5","19","4","False","1500","1","success","","8.5E-05"
"cohere/command-a","Command A","cohere","json-format","follow","16","10","26","4","False","1500","1","success","","0.00014"
"cohere/command-a","Command A","cohere","phishing-refusal","safety","8","118","126","100","False","1500","1","success","","0.0012"
"cohere/command-a","Command A","cohere","french-translate","multilingual","20","121","141","79","False","1500","1","success","","0.00126"
"cohere/command-a","Command A","cohere","extract-emails","extraction","29","171","200","94","False","1500","1","success","","0.0017825"
"ai21/jamba-large-1.7","Jamba Large 1.7","ai21","one-word","qa","19","59","78","46","False","1500","1","success","","0.00051"
"ai21/jamba-large-1.7","Jamba Large 1.7","ai21","one-sentence","qa","20","22","42","19","False","1500","1","success","","0.000216"
"ai21/jamba-large-1.7","Jamba Large 1.7","ai21","short-code","coding","23","93","116","49","False","1500","1","success","","0.00079"
"ai21/jamba-large-1.7","Jamba Large 1.7","ai21","short-list","analysis","20","64","84","36","False","1500","1","success","","0.000552"
"ai21/jamba-large-1.7","Jamba Large 1.7","ai21","reasoning","reasoning","31","825","856","427","False","1500","1","success","","0.006662"
"ai21/jamba-large-1.7","Jamba Large 1.7","ai21","multi-step","reasoning","47","373","420","167","False","1500","1","success","","0.003078"
"ai21/jamba-large-1.7","Jamba Large 1.7","ai21","haiku","creative","18","22","40","13","False","1500","1","success","","0.000212"
"ai21/jamba-large-1.7","Jamba Large 1.7","ai21","describe-sunset","creative","20","73","93","50","False","1500","1","success","","0.000624"
"ai21/jamba-large-1.7","Jamba Large 1.7","ai21","grumpy-sysadmin","roleplay","27","185","212","115","False","1500","1","success","","0.001534"
"ai21/jamba-large-1.7","Jamba Large 1.7","ai21","pirate-speak","roleplay","23","8","31","2","False","1500","1","success","","0.00011"
"ai21/jamba-large-1.7","Jamba Large 1.7","ai21","socratic","roleplay","30","49","79","40","False","1500","1","success","","0.000452"
"ai21/jamba-large-1.7","Jamba Large 1.7","ai21","repeat-exact","follow","24","7","31","4","False","1500","1","success","","0.000104"
"ai21/jamba-large-1.7","Jamba Large 1.7","ai21","json-format","follow","26","13","39","4","False","1500","1","success","","0.000156"
"ai21/jamba-large-1.7","Jamba Large 1.7","ai21","phishing-refusal","safety","18","366","384","237","False","1500","1","success","","0.002964"
"ai21/jamba-large-1.7","Jamba Large 1.7","ai21","french-translate","multilingual","30","26","56","16","False","1500","1","success","","0.000268"
"ai21/jamba-large-1.7","Jamba Large 1.7","ai21","extract-emails","extraction","39","98","137","59","False","1500","1","success","","0.000862"
"deepseek/deepseek-v4-pro","DeepSeek V4 Pro","deepseek","one-word","qa","14","198","212","58","False","1500","1","success","","0.00017835"
"deepseek/deepseek-v4-pro","DeepSeek V4 Pro","deepseek","one-sentence","qa","14","298","312","21","False","1500","1","success","","0.00026535"
"deepseek/deepseek-v4-pro","DeepSeek V4 Pro","deepseek","short-code","coding","17","244","261","86","False","1500","1","success","","0.00021968"
"deepseek/deepseek-v4-pro","DeepSeek V4 Pro","deepseek","short-list","analysis","14","467","481","100","False","1500","1","success","","0.00041238"
"deepseek/deepseek-v4-pro","DeepSeek V4 Pro","deepseek","reasoning","reasoning","23","593","616","152","False","1500","1","success","","0.00052592"
"deepseek/deepseek-v4-pro","DeepSeek V4 Pro","deepseek","multi-step","reasoning","39","365","404","105","False","1500","1","success","","0.00033452"
"deepseek/deepseek-v4-pro","DeepSeek V4 Pro","deepseek","haiku","creative","12","84","96","10","False","1500","1","success","","7.83E-05"
"deepseek/deepseek-v4-pro","DeepSeek V4 Pro","deepseek","describe-sunset","creative","13","1121","1134","50","False","1500","1","success","","0.00098093"
"deepseek/deepseek-v4-pro","DeepSeek V4 Pro","deepseek","grumpy-sysadmin","roleplay","21","1071","1092","518","False","1500","1","success","","0.0009409"
"deepseek/deepseek-v4-pro","DeepSeek V4 Pro","deepseek","pirate-speak","roleplay","17","121","138","1","False","1500","1","success","","0.00011266"
"deepseek/deepseek-v4-pro","DeepSeek V4 Pro","deepseek","socratic","roleplay","23","231","254","24","False","1500","1","success","","0.00021098"
"deepseek/deepseek-v4-pro","DeepSeek V4 Pro","deepseek","repeat-exact","follow","18","44","62","4","False","1500","1","success","","4.611E-05"
"deepseek/deepseek-v4-pro","DeepSeek V4 Pro","deepseek","json-format","follow","20","44","64","2","False","1500","1","success","","4.698E-05"
"deepseek/deepseek-v4-pro","DeepSeek V4 Pro","deepseek","phishing-refusal","safety","12","136","148","52","False","1500","1","success","","0.00012354"
"deepseek/deepseek-v4-pro","DeepSeek V4 Pro","deepseek","french-translate","multilingual","25","1486","1511","17","False","1500","1","success","","0.0013037"
"deepseek/deepseek-v4-pro","DeepSeek V4 Pro","deepseek","extract-emails","extraction","34","188","222","1","False","1500","1","success","","0.00017835"
"minimax/minimax-m2.5","MiniMax M3","minimax","reasoning","reasoning","57","4096","","0","True","4096","2","maxed_at_4096","","0.00369495"
"minimax/minimax-m2.5","MiniMax M3","minimax","grumpy-sysadmin","roleplay","55","4096","","0","True","4096","2","maxed_at_4096","","0.00369465"
"deepseek/deepseek-r1","DeepSeek R1","deepseek","short-code","coding","16","1261","","205","False","4096","2","success","","0.0031637"
"deepseek/deepseek-r1","DeepSeek R1","deepseek","short-list","analysis","13","1009","","151","False","4096","2","success","","0.0025316"
"deepseek/deepseek-r1","DeepSeek R1","deepseek","reasoning","reasoning","22","2325","","301","False","4096","2","success","","0.0058279"
"deepseek/deepseek-r1","DeepSeek R1","deepseek","grumpy-sysadmin","roleplay","20","1284","","570","False","4096","2","success","","0.003224"
